"0","rownames(ds1)"
"1","  [1]"
"1"," ""Patient_1""  "
"1"," ""Patient_2""  "
"1"," ""Patient_3""  "
"1"," ""Patient_4""  "
"1"," ""Patient_5""  "
"1"," ""Patient_6""  "
"1","
"
"1","  [7]"
"1"," ""Patient_7""  "
"1"," ""Patient_8""  "
"1"," ""Patient_9""  "
"1"," ""Patient_10"" "
"1"," ""Patient_11"" "
"1"," ""Patient_12"" "
"1","
"
"1"," [13]"
"1"," ""Patient_13"" "
"1"," ""Patient_14"" "
"1"," ""Patient_15"" "
"1"," ""Patient_16"" "
"1"," ""Patient_17"" "
"1"," ""Patient_18"" "
"1","
"
"1"," [19]"
"1"," ""Patient_19"" "
"1"," ""Patient_20"" "
"1"," ""Patient_21"" "
"1"," ""Patient_22"" "
"1"," ""Patient_23"" "
"1"," ""Patient_24"" "
"1","
"
"1"," [25]"
"1"," ""Patient_25"" "
"1"," ""Patient_26"" "
"1"," ""Patient_27"" "
"1"," ""Patient_28"" "
"1"," ""Patient_29"" "
"1"," ""Patient_30"" "
"1","
"
"1"," [31]"
"1"," ""Patient_31"" "
"1"," ""Patient_32"" "
"1"," ""Patient_33"" "
"1"," ""Patient_34"" "
"1"," ""Patient_35"" "
"1"," ""Patient_36"" "
"1","
"
"1"," [37]"
"1"," ""Patient_37"" "
"1"," ""Patient_38"" "
"1"," ""Patient_39"" "
"1"," ""Patient_40"" "
"1"," ""Patient_41"" "
"1"," ""Patient_42"" "
"1","
"
"1"," [43]"
"1"," ""Patient_43"" "
"1"," ""Patient_44"" "
"1"," ""Patient_45"" "
"1"," ""Patient_46"" "
"1"," ""Patient_47"" "
"1"," ""Patient_48"" "
"1","
"
"1"," [49]"
"1"," ""Patient_49"" "
"1"," ""Patient_50"" "
"1"," ""Patient_51"" "
"1"," ""Patient_52"" "
"1"," ""Patient_53"" "
"1"," ""Patient_54"" "
"1","
"
"1"," [55]"
"1"," ""Patient_55"" "
"1"," ""Patient_56"" "
"1"," ""Patient_57"" "
"1"," ""Patient_58"" "
"1"," ""Patient_59"" "
"1"," ""Patient_60"" "
"1","
"
"1"," [61]"
"1"," ""Patient_61"" "
"1"," ""Patient_62"" "
"1"," ""Patient_63"" "
"1"," ""Patient_64"" "
"1"," ""Patient_65"" "
"1"," ""Patient_66"" "
"1","
"
"1"," [67]"
"1"," ""Patient_67"" "
"1"," ""Patient_68"" "
"1"," ""Patient_69"" "
"1"," ""Patient_70"" "
"1"," ""Patient_71"" "
"1"," ""Patient_72"" "
"1","
"
"1"," [73]"
"1"," ""Patient_73"" "
"1"," ""Patient_74"" "
"1"," ""Patient_75"" "
"1"," ""Patient_76"" "
"1"," ""Patient_77"" "
"1"," ""Patient_78"" "
"1","
"
"1"," [79]"
"1"," ""Patient_79"" "
"1"," ""Patient_80"" "
"1"," ""Patient_81"" "
"1"," ""Patient_82"" "
"1"," ""Patient_83"" "
"1"," ""Patient_84"" "
"1","
"
"1"," [85]"
"1"," ""Patient_85"" "
"1"," ""Patient_86"" "
"1"," ""Patient_87"" "
"1"," ""Patient_88"" "
"1"," ""Patient_89"" "
"1"," ""Patient_90"" "
"1","
"
"1"," [91]"
"1"," ""Patient_91"" "
"1"," ""Patient_92"" "
"1"," ""Patient_93"" "
"1"," ""Patient_94"" "
"1"," ""Patient_95"" "
"1"," ""Patient_96"" "
"1","
"
"1"," [97]"
"1"," ""Patient_97"" "
"1"," ""Patient_98"" "
"1"," ""Patient_99"" "
"1"," ""Patient_100"""
"1","
"
